Dimension,Distance,Area,Perimeter
2,0.331592,0.338285,0.278684
3,0.139438,0.162788,0.162788
4,0.0421262,0.0436298,0.0436298
5,1.3992e-30,0.0246258,0.0034486
