Dimension,RMS Absolute,RMS Relative
2,1.90617,0.0130047
3,0.614551,0.0170837
4,0.459271,0.139254
5,0.818735,0.370259
