Dimension,RMS Absolute,RMS Relative
2,0.39611,0.393046
3,0.187216,0.184793
4,0.110979,1.50564
