Dimension,Distance,Area,Perimeter
2,4603.184481,5943.898629,8092.16018551799
3,1300.71226331931,2554.82727763643,0.0
4,0.000000350874909245047,551.749033591127,1096.23127540365
