Dimension,RMS Absolute,RMS Relative
2,0.324622,0.278534
3,0.143477,0.694953
4,7.1441e-10,0.0189194
