Dimension,Distance,Area,Perimeter
2,15.343948272,19.812995429,26.973867285
3,4.3357075444,6.7691149648,8.5160909255
4,0.000000001169583,1.8391634453,3.6541042513
