Dimension,RMS Absolute,RMS Relative
2,0.48535,0.287661
3,0.206995,0.144584
4,0.158147,0.0736702
