Dimension,Distance,Area,Perimeter
2,0.0318573,0.0441911,0.0416705
3,0.158734,0.0127112,0.00903909
4,1.40715e-14,0.535252,0.00368243
