Dimension,Runtime,Stress
2,0.103163,0.818052
3,0.10228,0.78291
4,0.099389,0.733102
5,0.107315,0.689677
6,0.10174,0.657833
7,0.152374,0.621968
8,0.112788,0.591075
9,0.108421,0.566311
10,0.11238,0.53861
