Head,Tail,Difference
0,0,0
0,1,0.00190982
0,2,0.00176569
0,3,3.07811e-07
0,4,0.000102247
1,0,0.00190982
1,1,0
1,2,0.000167128
1,3,0.00403239
1,4,0.00171483
2,0,0.00176569
2,1,0.000167128
2,2,0
2,3,0.000411214
2,4,0.000255117
3,0,3.07811e-07
3,1,0.00403239
3,2,0.000411214
3,3,0
3,4,9.00895e-05
4,0,0.000102247
4,1,0.00171483
4,2,0.000255117
4,3,9.00895e-05
4,4,0
