Dimension,RMS Absolute,RMS Relative
2,0.527887,0.00880227
3,0.0760757,0.0107986
4,7.30807e-15,0.0571709
5,7.30807e-15,0.102202
