Dimension,Distance,Area,Perimeter
2,0.321218,7.62938,0.0762604
3,1.18047e-26,2.36897,4.61875e-05
