id,v0,v1
\stringORD,0,0
\stringATL,585,0
\stringDCA,347.0641025641026,486.9810147340182
\stringMSY,727.6487179487179,-399.2835374362273
\stringDEN,-236.5230769230769,-887.0066708220634
\stringJFK,253.5247863247863,673.8881084564198
\stringBOS,168.7846153846154,836.1344112099845
\stringMIA,1183.905128205128,85.66006893295621
\stringLAX,-319.3461538461539,1718.581401628584
\stringSFO,-670.6384615384616,1731.673483629442
\stringSEA,-1197.299145299145,1257.048430517272
