Dimension,Distance,Area,Perimeter
2,5.9491e-05,0.0936921,0.000875684
3,4.68197e-05,4.68197e-05,4.68197e-05
