Dimension,Distance,Area,Perimeter
2,4.72242e-05,0.0522952,0.0322754
3,7.46266e-05,8.48466e-05,7.46266e-05
