id,v0,v1
\string0,0,0
\string1,3.405138616855414,0
\string2,2.79328834160171,0.07150692744040518
\string3,3.306747321317084,-2.180694190610478
\string4,3.036311047315878,-1.415390837877495
\string5,3.758339803452238,1.444576727552606
\string6,3.385503292857431,-1.300040174014438
\string7,2.946421901985675,-2.567065245664613
\string8,1.83764765669911,-1.836853856415438
\string9,3.192929341020614,-0.7668110740264955
