id,v0,v1
\string0,-1.385,0.2909999999999999
\string1,2.015,0.1040000000000001
\string2,1.408,0.2090000000000001
\string3,1.797,-2.068
\string4,1.569,-1.289
\string5,2.447,1.527
\string6,1.924,-1.193
\string7,1.416,-2.434
\string8,0.3490000000000002,-1.644
\string9,1.761,-0.6499999999999999
