id,v0,v1,v2
\string0,4.491,-0.04499999999999993,4.526
\string1,1.238,-0.875,-2.083
\string2,0.8129999999999997,4.608000000000001,-3.546
\string3,1.319,3.625999999999999,4.177
\string4,1.595,-2.14,-3.179
\string5,0.5259999999999998,2.347,0.7519999999999998
\string6,4.215,-3.32,-2.46
\string7,0.4400000000000004,-0.2690000000000001,3.196
\string8,-4.02,-1.5,0.2530000000000001
\string9,2.318,2.742,-1.701
