Dimension,Distance,Area,Perimeter
2,0.458245,0.489798,0.235831
3,0.135306,0.341856,0.115316
4,0.0984579,0.120532,0.0482532
5,3.73977e-28,0.0744262,0.0113218
