id,v0,v1
\stringATL,0,0
\stringBOS,934,0
\stringORD,260.6916488222698,523.7030305758468
\stringDCA,542,0
\stringDEN,-425.7623126338329,1131.550906119866
\stringLAX,-1135.696466809422,1575.296015127505
\stringMIA,-176.1900428265525,-578.7763547422938
\stringJFK,751,0
\stringSEA,-310.9994646680942,2158.712656417282
\stringSFO,-986.2542826552462,1898.057820495515
\stringMSY,-421.0942184154176,49.55460843462083
